Poetic Category,Metric/Form Identifier,Description and Findings,Usage Trends and Oeuvre Patterns,Metrical Divergences and Methodology,Themes and Notable Citations,Source
Meter,Iambic Pentameter,"A 10-syllable line of 5 rising feet ( $w S$ ). It is the dominant long line in English and Italian (Endecasillabo) traditions. It takes approx. 3.3s to recite, fitting the ""human auditory present.""","The staple of English poetry since the 15th century (Shakespeare, Milton, Pope, Wordsworth, Frost). In Russia, it gained ground in the mid-19th century for drama and philosophical lyrics (Pushkin, Tyutchev).","Common divergences include initial trochaic inversion, pyrrhic/spondaic substitution, and feminine (tailed) endings. Methodology involves ""Stress Maximum"" rules (Halle-Keyser), nPVI contrast analysis, and ""Anatomical"" scansion (Bones/Joints/Muscle).","Associated with high-style narrative, drama, and meditation. Citations: Shakespeare, Sonnet 106 (""Of hand, of foot, of lip, of eye, of brow""); Milton,  Paradise Lost ; Dante,  Inferno  (""Nel mezzo del cammin..."").",1-49
Meter,Iambic Tetrameter,"A 4-foot binary meter ( $w S$ ). In Russian, it is the most historically prominent meter (Ya4), serving as a ""national form"" distinct from English/German versions due to frequent stress skipping.","The dominant meter of the Russian 18th-19th centuries (Pushkin, Lomonosov). Pushkin's  Eugene Onegin  established the standard. In English, it is often seen as ""tighter"" or associated with folk ditty and burlesque (Marvell, Housman).","Features ""pyrrhic"" substitutions (skipped stresses), especially on the 2nd and 3rd feet in Russian. Methodology leverages Taranovsky's law of regressive accentual dissimilation and statistical ""stressing profiles.""","Often ""neutral"" or used for realistic narrative and melancholy love. Citations: Pushkin,  Eugene Onegin ; Lomonosov,  Oda na vzjatie Xotina ; Byron, ""She walks in beauty.""","2, 6, 50-70"
Meter,Trochaic Tetrameter,"A 4-foot falling meter ( $S w$ ). It is characterized by high rhythmic energy and a ""jigging"" or incantatory quality.","Globally tied to song genres, folk-style imitations, and children's rhymes (Longfellow, Blake). In Russia, it is a staple for fairy tales (Pushkin, Ershov) and was the national meter of Estonia.","Frequently ""catalectic"" (missing the final slack syllable). Methodology tracks the ""profile of stress"" and utilizes nPVI to calculate rhythmic contrast.","Themes of nature, folklore, and ""energy/vitality."" Citations: Blake, ""The Tyger"" (""Tyger! Tyger! burning bright""); Longfellow,  Hiawatha ; Pushkin, ""The storm covers the sky.""","3, 7, 10, 12, 14-16, 19, 42, 53, 57, 58, 61, 66, 71-75"
Meter,Dolnik,A non-classical meter with variable inter-ictic intervals (usually 1–2 syllables). It occupies a middle ground between syllabo-tonics and pure accentual (tonic) verse.,"Dominant in Russian 20th-century poetry (Blok, Akhmatova, Gumilev, Brodsky). Derived from German tonic verse (Heine). In English, it is found in popular ballads and nursery rhymes (Frost, Blake).","Features ""quasi-caesuras"" and variable anacrusis. Methodology: ""Russian Method"" (statistical profiles of stress) and automated recognition using systems like ""Treeton.""","Associated with lyrical, intimate, or supernatural themes. Citations: Blok, ""I enter dark temples...""; Frost, ""The Road Not Taken""; Heine, ""Ein Fichtenbaum steht einsam.""","1, 3, 16, 26, 29, 31, 44, 52, 55, 64, 65, 76-92"
Meter,Dactylic Hexameter,"An ancient 6-foot meter of dactyls (— ⌣ ⌣) and spondees (— —). Traditionally the ""epic"" meter of Greek and Latin antiquity.","Standard for epic/philosophical poetry (Homer, Virgil). Adapted into German (Klopstock, Goethe) and Russian (Trediakovsky, Fet). Rare in English (Longfellow).","Methodology involves quantitative-syllabic scansion (long/short equivalencies). Often features a ""penthemimeral"" caesura and ""bucolic diaeresis.""","Themes of heroism, antiquity, and the sublime. Citations: Homer,  Iliad ; Virgil,  Aeneid ; Klopstock,  Messiah ; Longfellow,  Evangeline .","6, 7, 10, 29, 30, 76, 83, 93-102"
Form,Sonnet,A 14-line fixed form typically in iambic pentameter. Major variants include Italian (Petrarchan: 8+6) and English (Shakespearean: 4+4+4+2).,"Astonishing longevity (700 years). Historically associated with love, but adapted for social critique and philosophical meditation. Prominent in Russian Silver Age (Ivanov, Hodasevich).","Structured around the ""turn"" or  volta . Methodology tracks rhyme schemes (e.g.,  $abbaabba$  vs.  $ababcdcdefefgg$ ) and utilizes dependency parses for enjambment study.","Themes of unrequited love, time, and mortality. Citations: Shakespeare, Sonnet 18; Keats, ""On First Looking into Chapman's Homer""; Milton, ""When I consider how my light is spent.""","2, 3, 7, 8, 10, 12, 15-17, 19, 23, 24, 27, 29, 30, 36, 38, 40, 41, 44, 45, 51, 55, 71, 92, 93, 97, 98, 101-118"
Form,Alexandrine,A 12-syllable line (dodecasyllable) with a mandatory central caesura. The primary meter of French Classicism and the German Baroque.,Usage declined in Russia from 16% in the 18th century to nearly vanishing in the Soviet era. Revived in modernism for archaic stylization (Grünbein).,"In French, requires stress on the 6th/12th syllables. Methodology involves calculating distribution of masculine/dactylic endings at the caesura.","Associated with formal grandeur and courtly erudition. Citations: Racine,  Phèdre ; Hugo, ""Je suis banni!""; Ronsard; Boileau.","10, 29, 47, 55, 57, 76, 94, 119-126"
Form,Free Verse (Vers Libre),"Verse characterized by the absence of regular meter and rhyme, relying on syntactic phrasing, intonation, and line breaks for integrity.","Became the staple form in the 20th century (Whitman, Pound, Eliot, Williams). In Russia, it increased significantly from the 1960s (Kuzmin, Khlebnikov).","Methodology focuses on ""line-syntax,"" ""prolongation,"" and ""rhythmical isolation."" Analyzed via ""Phrasal Scansion"" and dependency grammar.","Mimics internal monologue or ""stream of consciousness."" Citations: Whitman,  Leaves of Grass ; Pound, ""In a Station of the Metro""; Eliot,  The Waste Land .","3, 9, 15, 24, 36, 47, 50, 70, 85, 114, 115, 127-134"
Meter,Accentual Verse,"A tonic system where only the number of stresses (accents) is regulated, regardless of syllable count. Native to Old English poetry.","Prominent in folk poetry, nursery rhymes, and modern works by Mayakovsky (e.g., 4-stress accented verse) and T.S. Eliot.","Methodology involves counting beats and identifying ""silent beats"" or musical rests in performance. Includes ""Stress-timed"" rhythm analysis.","Associated with ritualistic, ""unconscious,"" or choral effects. Citations:  Beowulf ; Langland,  Piers Plowman ; Mayakovsky, ""Chetyre. Tyazhelye, kak udar.""","2, 4, 5, 15, 16, 19, 32, 39, 50, 65, 77, 85, 89, 132, 135, 136"
Meter,"Ternary Meters (Anapest, Amphibrach, Dactyl)",Meters where stresses occur every three syllables. Generally noted for higher rhythmic regularity compared to binary meters.,"Amphibrachs are historically linked to the ballad genre in Russia (Nekrasov, Zhukovsky). Anapests are associated with speed, joy, or ""social suffering.""",Methodology tracks the probability of stress distribution and word-boundary (caesura) placement. Omissions of stress are rarer than in iambs.,"Citations: Nekrasov,  Frost, Red Nose ; Byron, ""Destruction of Sennacherib""; Mandelstam, ""For the rattling valor..."".","2, 6, 10, 12, 15, 16, 19, 27, 28, 50, 51, 53, 55, 57-60, 62, 71, 77, 79, 81, 82, 84, 93, 98, 100, 103-105, 110, 127, 137-145"
Rhythm,Sprung Rhythm,"A complex metrical system where feet start with one stress and contain a variable number of ""slack"" syllables (0 to 4).",The defining innovation of Gerard Manley Hopkins. Suggested as suitable for Indian English poetry and similar to Finnish stress-based meters.,"Features ""outrides"" (extrametrical syllables) and ""overreaving."" Methodology utilizes stochastic maxent grammars and two-tiered scansion.","Associated with spiritual ""inscape"" and divine revelation. Citations: Hopkins, ""The Windhover"" and ""The Wreck of the Deutschland.""","8, 19, 22, 25, 29-31, 58, 97, 98, 103, 112, 121, 146-149"
Form,Ottava Rima,An 8-line stanza form ( $abababcc$ ) traditionally in iambic pentameter. A closed poetic system.,"Primary form for Italian epic (Ariosto, Tasso). Adapted by Byron for irony and Pushkin ( Little House in Kolomna ) for stylistic experimentation.","Analyzed via macrosyntactic ""pause strength"" (Tomashevsky 0–3 scale). English octaves are noted as more ""talkative"" with fewer internal stops.","Associated with high-epic themes or ironic ""parlando"" digressions. Citations: Ariosto,  Orlando Furioso ; Byron,  Don Juan ; Pushkin,  Little House in Kolomna .","17, 21, 53, 106, 107, 113"
Form,Ballad Stanza,A quatrain form alternating tetrameter and trimeter lines ( $a4b3c4b3$  or  $4343$ ).,"Dominant in English folk songs, hymns (Isaac Watts), and the works of Emily Dickinson.","Often features a ""silent"" or ""virtual"" fourth beat in shorter lines to maintain a  $4 \times 4$  structure. Methodology tracks ""parallelism"" and ""saliency.""","Narrative vignettes, often tragic or supernatural. Citations: Dickinson, ""In lands I never saw...""; ""Sir Patrick Spens""; ""Lord Arlen.""","2, 6, 12, 39, 150-154"
Form,Villanelle,A 19-line fixed form ( $5$  tercets +  $1$  quatrain) with two alternating refrains.,"Widely used in the 20th century (Dylan Thomas, Roethke, Bishop).",Rigidly defined by line-level repetition tracking. GPT-4 frameworks show high accuracy in detection.,"Thematic association with loss, persistence, and self-discipline. Citations: Dylan Thomas, ""Do Not Go Gentle into That Good Night.""","8, 12, 24, 108, 112"
Meter,Taktovik,A tonic verse form with intervals between stresses typically ranging from 1 to 3 syllables. Intermediate between Dolnik and Accentual verse.,"Found in 20th-century Russian poetry (Blok, Mayakovsky, Rozhdestvensky) and underlying Russian folk epics (Bylinas).","Methodology involves counting inter-ictal intervals (e.g.,  $3n+1$ ). Requires vertical analysis of whole texts to distinguish from Dolnik.","Associated with archaic/folk styles and experimental modernism. Citations: Blok, ""I was all in colorful rags...""; Mayakovsky, ""Conversation with a tax inspector..."".","3, 65, 66, 77, 78, 87"
Meter,Syllabic Verse,"Verse measured solely by syllable count, disregarding fixed stress positions.","Prevalent in 17th-early 18th century Russia (Simeon Polotsky). Experimented with by Modernists (Marianne Moore, Auden).",Methodology involves numbering syllables and tracking elision/phonetic spelling. Suppresses the difference between accented/unaccented units.,"Associated with visual design and understated dignity. Citations: Polotsky,  The Garden of Many Flowers ; Moore, ""The Paper Nautilus.""","1-3, 8, 24, 52, 53"
Foot,Pyrrhic,"A foot of two unstressed syllables ( $x x$ ). In syllabo-tonic systems, it is treated as a substitution for iambic or trochaic feet.",Trediakovsky and Sumarokov justified its use as a necessity for the long words in the Russian language.,Defined as the omission of an obligatory metric stress. Algorithms account for schematic omissions of emphasis.,"Used to provide ""greater variety"" in Russian binary meters. Citations: Pushkin,  Eugene Onegin .","2, 20, 52, 68"
Foot,Spondee,A foot of two stressed syllables ( $/ /$ ). Genuine spondees are difficult to achieve in German/English due to multisyllabic stress nature.,"Used for emphasis, weight, or to slow a line (Milton, Yeats, Pound).","Often replaced by trochees in latitudinarian practice. Some theorists (Attridge) argue they contain an ""implied offbeat.""","Associated with weight, slowness, and gravity. Citations: Milton (""Rocks, caves, lakes...""); Klopstock, ""Sponda.""","2, 7, 15, 20, 94, 103, 155, 156"
Rhythm,Enjambment,The non-coincidence of poetic and syntactic boundaries; the running-over of a sentence into the next line.,"Historically frequent in Baroque, Romanticism, and Modernism. Re-emerged in sharp forms in Brodsky and Björling.","Categorized as  rejet ,  contre-rejet , and  double . Methodology uses dependency grammar to measure the strength of the broken link.","Creates tension between syntax and line break. Citations: Batyushkov (""I gordyy um ne pobedit...""); James Wright (""I would break / Into blossom"").","2, 50, 57, 114, 124, 128"
Rhythm,Parallelism,"A fundamental principle where units are connected by echoing, contrasting, or ""seconding.""","Universal in Biblical Hebrew poetry, Old English verse, and oral traditions (Kalevala).","Involves identifying ""couplets of couplets"" and ""strophes"" aligned with syntactic boundaries. Jakobsonian styleme analysis.","Associated with emphatic restatement and causality. Citations: Psalm 94; Whitman, ""When I Heard the Learn’d Astronomer.""","7, 22, 99, 101"
Meter,Saturnian Verse,An archaic Roman verse form ( $7 + 6$  or  $6 + 7$  syllables). Its exact nature (quantitative vs. accentual) is disputed.,"Used by Livius Andronicus and Naevius. Often seen as a ""clumsy"" predecessor to the hexameter.","Theories include ""mora-counting"" and ""stress-based"" groupings. Typically divided into two  cola  with a caesura.","Early Roman inscriptions and epic translations. Citations: ""Malum dabunt Metelli Naevio poetae.""","16, 95, 96"
Form,Limerick,"A light verse form of 5 lines rhyming  $aabba$ . Lines 1, 2, 5 are trimeter; 3, 4 are dimeter.","Obeys ""Music's Rule of Three."" T.S. Eliot utilized this form in ""Gus: The Theatre Cat.""","Analyzed as part of the ""Victorian aesthetics of nonsense."" Methodology involves identifying consequence in the final line.","Humorous or light themes. Example: ""There once was an old man from Esser..."".","7, 24, 135, 157"
Meter,Sapphic Stanza,A complex form of three 11-syllable lines and one 5-syllable Adonic line.,Revived during Russian Modernism (Ivanov). Common in Greek lyric (Sappho) and English imitations (Swinburne).,"Historically quantitative; modern versions use stress-based scansion. Analyzed using ""syllabo-metric"" patterns.","Associated with lyric emotion and mortality. Citations: Sappho, Ode II; Horace, Odes.","1, 16, 76, 94"
Meter,Masafo (Somali),A quantitative meter traditionally described as 9 moras per half-line.,"Features alliteration and a central caesura. Usage shows a ""compensatory relationship"" between half-lines.","Heavy variation in mora count (6–15). Analyzed using mora-counting and quantitative iambic footing ( $H, LL, LH$ ).","Notable author: Sayid Maxamad Cabdulle Xasan. Citation: ""The Sayid’s Reply.""",6
Form,Ghazal,A Persian/Arabic lyric form with a mono-rhyme scheme ( $aa ba ca...$ ).,Introduced by Fet. Kuzmin and Ivanov utilized it for orientalist aesthetics.,Uses the  Radif  (a repeating refrain word after the rhyme). Requires a sharp break to distinguish the refrain.,"Themes of love and wine. Citations: Kuzmin, ""Wreath of Springs.""","76, 115"
Meter,Hendecasyllable,"An accentual verse of 11 syllables, with a mandatory stress on the 10th syllable.",The core of Dante's  Divine Comedy . Rhythmic variations are achieved through secondary accents and synalephe.,Methodology involves distinguishing between hiatus/diphthong and synalephe/dialephe. Includes  versi sdruccioli .,"Used for narrative and musical stylistic effects. Citation: ""Nel mezzo del cammin di nostra vita.""","37, 38, 158"
Rhythm,Tanka (Japanese),Traditionally a 5-7-5-7-7 mora structure.,A prominence-insensitive rhythm (no stress). Speakers adjust timing by 121–156ms to produce isochronous lengths.,"Utilizes an ""octomoraic template"" where silence/pauses act as moras to regulate timing.","Citation: Takuboku Ishikawa, ""Love song to myself.""",6
Form,Sestina,A 39-line French form using a mathematical lexical rotation (615243) of six end-words instead of rhyme.,"Popular Provençal form in the 20th century (Swinburne, Roethke).","Methodology involves numerological sequence mapping. Includes ""double"" and ""obsessive"" variants.","Themes of obsession, circularity, or memory. Citations: Swinburne, ""Sestina.""",12