Poetic Category Type,Term Name,Technical Definition and Structure,Descriptive Features and Usage Trends,Historical or Computational Findings,Specific Poet or Oeuvre Usage (Inferred)
"Metrical Form","Iambic Pentameter","A metrical line consisting of five iambic feet, where each foot comprises one unstressed syllable followed by one stressed syllable (denoted as /x or da-DUM), resulting in a ten-syllable line.","Mimics the natural cadence and rhythm of spoken English, providing a steady, heartbeat-like baseline. It allows for immense flexibility through the use of metrical substitutions (e.g., trochaic inversions at the start of a line) and caesuras (mid-line pauses) to prevent monotony.","Dominant meter in English poetry from the mid-16th century through the 19th century. Computational stylometry uses syllable-counting algorithms and stress-detection models (like the Princeton Prosody Machine) to parse historical texts, finding that strict adherence to iambic pentameter peaked in the late 16th century and gradually relaxed by the Victorian era.","William Shakespeare (e.g., 'Shall I compare thee to a summer's day?'); John Milton (used unrhymed iambic pentameter, or blank verse, for the epic 'Paradise Lost' to elevate narrative prose)."
"Syntactic Device","Enjambment","The continuation of a sentence, clause, or thought across a line break without any terminating punctuation (such as a period, comma, or semicolon) at the end of the line.","Creates a sense of forward momentum, urgency, or cascading thought that pulls the reader rapidly into the next line. It subverts the expected pause at the line's end, often creating double meanings or delaying the resolution of a phrase until the following line.","Traces back to classical Greek and Latin poetry, but became a defining feature of Romantic and Modernist poetry as a rebellion against the strict end-stopped couplets of the 18th-century Neoclassical period. Computational text analysis measures enjambment by calculating the ratio of lines lacking end-punctuation, showing a statistically significant spike in enjambment rates in English poetry post-1798.","William Carlos Williams (heavily utilized in modernist free verse, e.g., 'The Red Wheelbarrow,' where the enjambment dictates the visual and object-based fragmentation); John Keats (used in 'Endymion' to create a flowing, dreamlike narrative speed)."
Rhythmic Feature,Enjambment (or Enjambement),"The non-coincidence of a syntactic boundary with a metrical boundary (line break). Classified into rejet (run-on line), contre-rejet (anti-run-on), and double enjambment.",Increases 'syntactic tension' and 'rhythmic asymmetry.' Common in 'dynamic' poetic eras like Romanticism and Modernism. Forces the reader to continue across the visual break.,"Yarkho's studies show line breaks most frequently occur between sentences, then subject-predicate groups. Statistical analysis reveals enjambment rates vary significantly by poet and period.","Joseph Brodsky (extreme enjambments to force semantic density), John Milton (Paradise Lost), John Donne (Metaphysical enjambment), William Carlos Williams (variable foot)"
Rhythmic Feature,Parallelism,Repetition of identical or similar syntactic/prosodic patterns in adjacent members. Jakobson's 'Principle of Equivalence'—the poetic function projects equivalence from axis of selection to axis of combination.,"Considered the sine qua non of poetry. Operates on phonological, morphological, syntactic, and semantic levels. Creates rhythm through structural repetition rather than sound patterning alone.","Rediscovered by Robert Lowth in Hebrew Bible (De Sacra Poesi Hebraeorum, 1753); universal feature found in Finnish folk poetry (Kalevala meter), Ancient Hebrew Psalms, and oral traditions worldwide.","Walt Whitman (extensive syntactic parallelism in free verse cataloging), Hebrew Bible (Psalms, Proverbs), Finnish Kalevala, Russian bylina tradition, Chinese classical poetry"
"Stanzaic / Structural Grouping","Triad","A structural unit consisting of three lines or three metrical stresses. In stanzaic verse, it acts as a synonym for a tercet or tristich; in metrical theory, it can refer to a grouping of three syllables (as in triple meters like dactyls or anapests).","Creates a sense of trinity, completion, or rapid cyclical movement. Because three is the smallest number required to establish a pattern (thesis, antithesis, synthesis), triads are highly effective for aphorisms or driving a point home quickly.","Rooted in ancient oral traditions (e.g., Celtic triads, Vedic tristubh). In computational text analysis, triadic structures are frequently flagged in formulaic poetry, as their brevity makes them ideal for mnemonic oral transmission and parallel phrasing.","W.B. Yeats (frequently utilized triadic stanzas for symbolic resolution, e.g., 'The Ballad of Father Gilligan'); Dylan Thomas (used triadic groupings to build incantatory momentum)."
"Stanzaic Form","Tercet","A stanza comprising exactly three lines. It may be unrhymed, rhymed as an enclosed triplet (AAA), or interlaced with other tercets (ABA BCB CDC, known as terza rima).","Highly adaptable; unrhymed tercets feel grounded and expansive, while rhymed tercets create a rapid, chain-link momentum. Interlaced tercets prevent the ear from resting, forcing a continuous forward narrative drive.","Popularized in Italy by Dante and Petrarch. Graph-theory-based computational analysis treats interlaced tercet rhyme schemes as a distinct topological challenge, as they create an unbroken chain rather than the isolated nodes of alternate rhyme.","Dante Alighieri (the definitive engine of 'The Divine Comedy'); Percy Bysshe Shelley ('Ode to the West Wind' utilizes interlaced tercets to mirror the relentless, chaining force of the wind)."
"Stanzaic Form","Sestet","A six-line stanza. It is most strictly defined as the second half of a Petrarchan sonnet, following the volta, typically employing a flexible rhyme scheme such as CDECDE or CDCCDC.","Provides resolution, emotional pivot, or a summarizing meditation. Because it follows the structurally rigid octet, the sestet traditionally enjoys more metrical and rhyming freedom, creating a release of tension.","Standardized in 14th-century Italy by Petrarch. In digital humanities, sentiment analysis tools frequently map a semantic shift at the octet-sestet boundary, validating the sestet's historical function as the 'turning point' of the sonnet.","Elizabeth Barrett Browning (the sestets in 'Sonnets from the Portuguese' elegantly resolve the emotional arguments posed in her octets); Petrarch."
"Stanzaic Form","Octet","An eight-line stanza. Most strictly defined as the first half of the Petrarchan sonnet, presenting the premise or problem, traditionally bound by a tight, enclosed rhyme scheme (ABBAABBA).","Establishes a feeling of entrapment, mounting pressure, or intellectual proposition. The symmetrical rhyming (ABBAABBA) forces a looping, recursive sonic environment that demands resolution via the subsequent sestet.","Evolved from the Italian *strambotto* and *canzone* traditions. Computational phonetics algorithms note the ABBAABBA scheme has an exceptionally high density of rhyme-to-syllable ratio, making it phonologically 'heavy.'","John Keats ('On First Looking into Chapman's Homer' uses the octet to build the dense metaphor of planetary discovery); Petrarch."
"Metrical Line Length","Monometer","A line of verse consisting of a single metrical foot (e.g., one iamb, yielding two syllables per line).","Extremely brief, aphoristic, and often jarring. It is rarely used to sustain a long narrative; instead, it functions as a fragment, a stylistic quirk, or a highly compressed lyric statement.","Extremely rare in classical meters. Natural Language Processing (NLP) parsers often struggle to accurately scan monometer, as the algorithm requires multiple feet to establish a statistically significant stress-pattern baseline.","T.S. Eliot (uses iambic monometer fragments in 'Aunt Helen' for stark, deadpan effect); Andrew Marvell (scattered monometer lines in 'The Garden' to signify sudden, isolated realizations)."
"Metrical Line Length","Dimeter","A line of verse consisting of two metrical feet (e.g., two iambs, yielding four syllables).","Brisk, staccato, and chant-like. It mimics the rapid rhythm of a heartbeat, a galloping horse, or a child's nursery rhyme, making it highly effective for songs and spells.","Deeply rooted in Anglo-Saxon poetry and Middle English lyric fragments. Corpus linguistics demonstrates that dimeter correlates highly with oral-formulaic traditions and lyric poetry meant to be sung rather than spoken.","W.B. Yeats (used iambic dimeter interspersed with longer lines in 'He Wishes for the Cloths of Heaven'); Sappho (utilized dimeter in her Aeolic verse, adapted by later English translators)."
"Metrical Line Length","Trimeter","A line of verse consisting of three metrical feet (e.g., three iambs, yielding six syllables).","Lighter and faster than tetrameter or pentameter. It feels conversational, accessible, and highly rhythmic, serving as the foundational line for many hymns and ballads.","Forms the backbone of 'Common Meter' (alternating tetrameter and trimeter), the dominant hymnal structure in English from the 18th century onward. Stylometry shows trimeter lines frequently feature syntactic inversions to force end-rhymes.","William Blake ('The Tyger' relies on trochaic tetrameter/trimeter alternation for its pounding, anvil-like rhythm); Emily Dickinson (whose ballad-meter poems rely heavily on trimeter for their characteristic ghost-step cadence)."
"Metrical Line Length","Heptameter","A line consisting of seven metrical feet (e.g., iambic heptameter, yielding fourteen syllables, historically termed 'fourteeners').","Can feel breathless, sprawling, and epic, but often suffers from a monotonous drone if not broken up. Because it is twice the length of standard pentameter, it naturally invites a strong medial caesura (pause).","Highly popular in 16th-century English poetry before being largely superseded by the heroic couplet (which effectively splits the heptameter line in two). Computational scansion tools flag heptameter as statistically prone to medial caesuras to prevent metrical fatigue.","Edmund Spenser (early versions of 'The Faerie Queene' utilized heptameter before he transitioned to his namesake nine-line stanza); Michael Drayton."
"Metrical Line Length","Octameter","A line consisting of eight metrical feet (e.g., trochaic octameter, yielding fifteen or sixteen syllables).","Prolonged, incantatory, and highly unnatural for standard English breath units. It requires aggressive use of internal pausing to prevent the line from collapsing under its own phonological weight.","Exceedingly rare in literary history. Edgar Allan Poe's 'The Raven' is famously written in trochaic octameter, though it is typically printed with a medial caesura that visually and rhythmically splits the line into two tetrameter halves. Computational rhythm analysis treats printed octameter as concatenated shorter lines.","Edgar Allan Poe ('The Raven' relies on catalectic trochaic octameter to create its hypnotic, incantatory, and unrelenting melancholy)."
"Fixed Form","Sextilla","A Spanish stanzaic form consisting of six lines of octosyllables (eight syllables per line). Consonant rhyme schemes vary but commonly follow patterns like aabccb or ababab, often with a requirement for odd-numbered lines to end in stressed syllables.","Musical, concise, and highly adaptable to both narrative and lyric poetry. It feels lighter than the sonnet but more structured than free verse, relying heavily on the natural rhythmic stresses of the Spanish language.","Prominent in the Spanish *cancionero* tradition of the 15th and 16th centuries. Digital humanities projects mapping Spanish metrics utilize specialized syllable-counting scripts that account for *sinalefa* (vowel blending) to validate the strict octosyllable count.","Garcilaso de la Vega (adapted Italianate themes into the native Spanish Sextilla); Sor Juana Inés de la Cruz (mastered the form in her villancicos and lyrical poetry)."
"Fixed Form","Rondine","A 13- or 15-line French lyric form built on only two rhymes. It opens with a half-line refrain, and this exact phrase is repeated as the concluding half-line of the poem (and sometimes midway).","Extremely condensed and haunting. Because the refrain anchors the beginning and end, the middle lines must function as a rapid, intense modulation of the opening image, creating a circular, echo-like effect.","A medieval derivative of the larger Rondeau family, peaking in 14th/15th-century French courts. Computational rhyme-matching algorithms easily validate the Rondine due to its highly constrained two-rhyme limitation and exact string-matching requirements for the refrain.","Christine de Pizan (utilized the Rondine for courtly and moralistic lyrics); Charles d'Orléans."
"Fixed Form","Rondeau","A 15-line French fixed form divided into three stanzas (5, 4, 6 lines). It uses only two rhymes and features a *rentrement*—the opening words of line 1 repeated without rhyme as lines 9 and 15.","Playful, lyrical, yet structurally rigorous. The unrhymed refrain acts as an acoustic anchor; as the surrounding rhymes shift, the context of the repeated phrase alters its emotional weight or meaning.","Originated in 13th-century France as a choral dance song. Stylometry shows the form virtually disappeared from English after the 17th century until a brief, self-conscious Victorian revival. Strict algorithmic parsing is required to separate the rhymed lines from the metrically integrated but unrhymed refrain.","Jean Passerat (his 16th-century 'Vanneur de blé' is the historical gold standard); William Ernest Henley (adapted the form into English, e.g., 'In the Fell-Fire of Time')."
"Prosodic Phenomenon (Elision)","Apocope","The omission or cutting off of the final letter, syllable, or sound of a word (e.g., 'o'er' for 'over,' 'hea'n' for 'heaven,' 'wan' for 'wanton').","Used primarily to force a polysyllabic word into a strict metrical syllable count. It creates a slightly archaic, elevated, or artificially compressed poetic diction.","Extensively utilized in 16th to 18th-century English poetry to maintain syllabo-tonic grids. NLP parsers and lemmatizers frequently flag apocope as orthographic noise, requiring specific pre-processing rules (e.g., translating 'o'er' back to 'over') to prevent inaccurate word-frequency counts.","John Milton (famously used apocope in 'Paradise Lost' to accelerate the blank verse); Alexander Pope (deployed it mechanically to maintain heroic couplet strictness)."
"Prosodic Phenomenon (Elision)","Aphaeresis","The omission of an initial letter or syllable from the beginning of a word (e.g., ''twas' for 'it was,' ''gainst' for 'against,' ''mid' for 'amid').","Similar to apocope, it serves metrical compression but attacks the onset of words, creating a breathless, rapidly eliding rhythm. It often crosses syntactic boundaries, binding words tightly together.","Common in archaic dialectal representation and classical metrical adaptation. Computational phonology treats aphaeresis as a prefix-stripping anomaly, which can break automated syllable counters if not explicitly dictionary-mapped.","John Keats (frequently employed aphaeresis for sonic density, e.g., ''twixt'); Robert Burns (used it to authentically encode Scottish dialectal pronunciation)."
"Metrical Phenomenon","Anacrusis","The addition of one or more unstressed syllables at the very beginning of a line, preceding the first stressed syllable of the first metrical foot (e.g., in iambic pentameter, 'To BE, or NOT to BE'—the first 'To' is anacrustic).","Mimics natural conversational inarticulations, creating a 'running start' effect. It softens the harsh onset of a stressed beat and is crucial for preventing rigid, mechanical ticking in stress-based meters.","Rooted in Greek choral odes. Modern computational scansion engines (like the Princeton Prosody Parser) utilize anacrusis tagging as a critical variable to correctly align stressed nodes, as ignoring it causes cascading foot-misalignment.","William Wordsworth (used anacrusis in 'Intimations Ode' to create a natural, sighing cadence); Emily Dickinson (frequently used it to disrupt standard hymn-meter expectations)."
"Metrical Theory / System","Syllabo-tonic","A metrical system in which both the exact number of syllables per line and the specific placement of stressed (tonic) and unstressed syllables are prescribed (e.g., iambic pentameter).","Provides a highly predictable, grid-like structural foundation. It allows poets to create rhythmic expectations in the reader, which can then be artistically frustrated or fulfilled through variations.","Evolved in English during the 16th century, adapting classical quantitative meters (based on vowel length) to English's natural stress-timed phonology. It is the foundational assumption of most automated scansion software, though such software often struggles with secondary stresses and tertiary stress ambiguities.","Essentially all mainstream English poets post-1550, including William Shakespeare, Alexander Pope, and Alfred, Lord Tennyson."
"Metrical Technique","Metrical Substitution","The deliberate replacement of the expected metrical foot with a different one (e.g., replacing an iamb /x with a trochee x/, a spondee //, or a pyrrhic xx) while maintaining the overall metrical grid.","Prevents metrical monotony (the 'sing-song' effect). Spondees add heavy emphasis or slow the line; pyrrhics accelerate it; trochaic inversions startle the reader. Subversion relies entirely on the reader's subconscious awareness of the syllabo-tonic grid.","Formalized as a concept during the 18th and 19th centuries as theorists moved away from rigid classical metrics toward a more flexible English accentual-syllabic theory. Stylometry uses substitution frequency as a metric to quantify a poet's 'metrical strictness' (e.g., Pope is highly regular; Keats is highly substitution-heavy).","John Keats (famous for spondaic substitutions, e.g., 'cold hill side' in 'La Belle Dame sans Merci'); Gerard Manley Hopkins (pushed substitution to its absolute limit in 'Sprung Rhythm')."
"Metrical Phenomenon / Rhythm","Verse Cadence","The actual, realized rhythm of a line of poetry as it is read aloud. It encompasses the abstract meter but includes natural speech phrasing, pauses (caesuras and rests), tempo shifts, and vocal intonation.","Cadence is organic and subjective, representing how the 'music' of the poem breathes. It is the medium through which semantic meaning and emotional weight are transferred, often overriding the strict abstract grid to create phrasing that mimics prose or natural thought.","Elevated to a primary aesthetic criterion during the free verse and Modernist movements, moving away from syllabo-tonic dominance. Computational analysis of cadence requires acoustic modeling (prosodic parsing) rather than just text-based scansion to accurately map pitch, duration, and pausing.","Walt Whitman (cadence-driven free verse, relying on breath-units rather than foot-units); T.S. Eliot (blended strict meter with prose-like cadence, e.g., 'The Love Song of J. Alfred Prufrock')."
"Metrical Line Length","Hendecasyllabic","A line consisting of exactly 11 syllables. In its strict Italian form (endecasillabo), the primary stresses are mandated to fall on the 4th and 10th syllables (or 6th and 10th), with secondary stresses elsewhere.","Capacious yet contained; longer than English pentameter, allowing for complex descriptive roll-outs, but tightly controlled by the mandatory stress positions. In English, it is often approximated as simply 11 syllables without strict Italian stress rules.","The cardinal line of Italian literature, utilized by Dante, Petrarch, and Ariosto. English poets attempting the form often fail to replicate the mandatory Italian stress constraints. Syllable-counting algorithms specifically calibrated for Italian literature flag the 4-10 stress pattern as the statistical baseline for validating true hendecasyllabics.","Dante Alighieri (the exclusive meter of 'The Divine Comedy'); Robert Browning (adapted the line for English in 'One Word More,' loosening the strict Italian stress rules to fit English phonology)."
"Structural Element","Volta","Italian for 'turn'; a rhetorical shift or pivot in a poem, most classically occurring between the eighth and ninth lines of a Petrarchan sonnet (separating the octet from the sestet).","Introduces a sudden change in tone, perspective, argument, or emotional trajectory. It often resolves the problem posed in the first half of the poem or introduces a paradoxical counter-argument. In Shakespearean sonnets, it frequently appears before the final couplet.","Codified by Petrarch in the 14th century within the Italian sonnet structure. In large-scale computational literary analysis, researchers often use Natural Language Processing (NLP) sentiment analysis to track semantic shifts; voltas are frequently detected where sentiment polarity abruptly drops or spikes, or where adversative conjunctions (e.g., 'yet', 'but', 'and yet') cluster.","John Donne (famous for striking, argumentative voltas in his 'Holy Sonnets,' such as the abrupt shift in 'Death, be not proud'); William Wordsworth (employs a more meditative, reflective volta in 'The world is too much with us')."
Meter,Iambic Pentameter,"A five-beat accentual-syllabic line with ten syllables following the pattern wSwSwSwSwS (unstressed-stressed). Allows for regulated variations including trochaic substitutions, reversals, and stress swaps provided the underlying iambic rhythm remains perceptible as the dominant 'ghostly voice'.",The most prevalent and flexible meter in English poetry since the 15th century. Often analogized to a heartbeat or natural breathing pattern; its relatively flat rhythmic hierarchy makes it ideal for dramatic dialogue and extended narrative works.,"Computational analysis using BERT and Scandroid demonstrates metrical stability across varying surface rhythms. In Yeats' 'Adam's Curse,' only 20 of 38 lines strictly follow the paradigm, yet the meter remains statistically normative. Corpus analysis shows the tenth position is the most frequently stressed.","Shakespeare (sonnets and plays), Milton (Paradise Lost), Wordsworth (The Prelude), Pope (The Rape of the Lock), Yeats"
Meter,Iambic Tetrameter (Ya4),"A four-foot iambic line with stresses on even syllables (wSwSwSwS). In Russian versification, permits 'pyrrhic' variations (omitted stresses) while maintaining the binary rhythmic foundation.","Often carries a 'semantic halo' associated with narrative progression or lyrical reflection. Constitutes the universal meter of Russian poetry, accounting for at least one-third of all lines in the poetic corpus.",Historical evolution shows a shift from 'single-swing' rhythm (strong 2nd and 8th syllables) in the 18th century to bipartite rhythm (strong 4th and 8th syllables) in the 19th century. Closed rhymes in Russian consistently reduce stress on the penultimate foot.,"Pushkin (Eugene Onegin, narrative poems); Lomonosov established it as the primary lyrical measure in Russian; Annensky, Blok"
Meter,Trochaic Tetrameter,"A four-beat binary meter consisting of trochees (stressed-unstressed: SwSwSwSw). Frequently employed for song-like, folk, or incantatory thematic material.","Associated with energy, vitality, or 'well-made' artisanal craft. In Russian tradition, when combined with dactylic endings, it stylizes folk rhythms and oral traditions.","Statistical analysis of Estonian T4 reveals primary stresses avoid even positions, distinguishing it from random prose. In Russian 4-foot trochee, feminine rhymes significantly lower stress on the penultimate foot. Computational studies show fewer substitutions than iambic verse.","Longfellow (The Song of Hiawatha), Yeats (Under Ben Bulben), Koltsov (folk stylizations), Blake (The Tyger), Goethe (German ballads)"
Meter,Dolnik,"A transitional meter bridging syllabo-tonic and accentual verse, characterized by variable inter-ictic intervals (typically 1-2 unstressed syllables between stresses). Combines stress-counting with syllabic flexibility.","Perceived as approximating natural speech intonation. In English contexts, often termed 'loose iambics' or 'dolnik proper' when disyllabic intervals exceed 20%.","The empirical threshold for 'English dolnik' begins at 20% disyllabic intervals; the 10-20% range constitutes a 'gray zone' typical of folk ballads. In the period 1890–1924, dolnik frequency became comparable to classical meters in both English and Russian traditions.","Gumilev and Akhmatova established its canonical Russian form; Blok introduced it to Russian literature; T.S. Eliot, W.B. Yeats (English dolnik)"
Meter,Free Verse (Vers Libre),"Verse organized around conjugate intonations, syntactic pauses, and phrasal units rather than fixed syllable counts or regular stress patterns. Characterized by graphical line division without metrical constraints.","Prescriptively associated with flexibility, organic rhythm, and the cadences of ordinary speech. Frequently employs anaphora, extensive cataloging, and syntactic parallelism.","Gasparov identifies three stylistic categories: 'strict' (punctuation-determined breaks), 'affected' (intra-phrase breaks), and 'tender' (natural fluctuation). N-gram data shows the term exploded in popularity after 1910, coinciding with Modernist movements.","Walt Whitman (Leaves of Grass), Ezra Pound (invention in pre-war London), T.S. Eliot (The Waste Land), Mikhail Kuzmin (Russian pioneer), William Carlos Williams"
Meter,Accentual Verse (Aktsentny Stikh),A purely tonic system counting only the number of stresses per line while allowing intervals between stresses to vary freely (up to 3 or more syllables). Disregards syllable count entirely.,"Described as 'poetry of the highlighted word.' Borders on prose rhythm and enforces an even intonation that flattens semantic hierarchies, emphasizing stressed content words.","Evolutionary prosodic studies suggest a developmental trajectory from syllabo-tonics to dolnik, then to taktovik, and finally to accentual verse as metrical constraints progressively relax.","Vladimir Mayakovsky (definitive practitioner with 'ladder' verse), W.H. Auden, Christopher Smart (Jubilate Agno), English medieval alliterative verse"
Meter,Taktovik,A meter where intervals between stresses vary between 1 and 3 syllables. Less strict than dolnik (which favors 1-2 syllables) but more regulated than pure accentual verse.,"Often associated with musical rhythm or isochronous delivery. In Russian folk poetry, intervals tend to lengthen toward line endings, creating a slowing tempo effect.","Identified as an intermediate stage in the relaxation of metric strictness. Analysis of 50 bylinas (Russian epic folk songs) shows taktovik to be the core meter of the Russian folk epic system, representing 40% of lines in some corpora.","Konstantin Balmont, Alexander Blok, Robert Rozhdestvensky, Russian bylina singers (oral tradition)"
Meter,Dactylic Hexameter,"A line of six metrical feet, typically alternating dactyls (–uu) and spondees (– –). The Latin version requires specific mora counting; Russian adaptations often combine dactyls with trochaic cadences.","Regarded as 'majestic,' 'solemn,' or 'sacred' meter. The standard vehicle for Greek epic poetry (Iliad, Odyssey) and Latin classical verse.","Milman Parry demonstrated the meter is filled with oral formulas precisely fitted to specific metrical conditions. In Russian adaptations, it typically features high masculine caesura (word-break after the third foot).","Homer (Iliad, Odyssey), Virgil (Aeneid), Nikolay Gnedich (Russian translation of Iliad), Anton Delvig (Russian hexameter experiments), Longfellow (Evangeline)"
Meter,Sprung Rhythm,A metrical system devised by Gerard Manley Hopkins where the number of syllables varies while the number of beats remains constant; feet begin with a stressed syllable. Employs monosyllabic feet and clusters of stressless syllables.,"Characterized by 'abruptness' or 'springing' caused by monosyllabic feet or accumulated stressless syllables. Aims for naturalistic, emphatic, or mimetic effects reflecting the 'weighed and timed' quality of English speech.",Stochastic maxent grammar analysis demonstrates preferred scansions minimize ambiguity via constraints like 'Match SW' (stressed syllable in strong position). Hopkins' diacritic markings align with high-probability parses in computational models.,"Gerard Manley Hopkins (exclusive creator and practitioner; The Windhover, Pied Beauty)"
Meter,Syllabic Verse,"A versification system based primarily on strict syllable counting per line, disregarding foot patterns or stress regularity. Stresses may fall at any position within the syllabic framework.",Viewed as an 'escape' from decadent sonic play; creates an 'elemental' or flattened acoustic quality. Typical of French poetry (alexandrine) and Polish verse traditions.,Early Russian syllabics (17th century) were influenced by Polish models. Initial 'atonic' stress placement evolved toward tonization in the 18th century as Russian prosody developed.,"Simeon Polotsky (Russian syllabism), Marianne Moore, W.H. Auden, Elizabeth Daryush, French poets (Du Bellay, Ronsard)"
Foot,Iamb,A two-syllable foot with an unstressed syllable followed by a stressed syllable (w s or u –). The fundamental unit of English accentual-syllabic prosody.,The basic unit of English accentual-syllabic verse and the most prevalent foot in Russian literary tradition. Creates a rising rhythm.,"Historically introduced to Russia from German models by Mikhail Lomonosov. Etymologically derived from Greek for 'cripple,' referring to the short syllable as the 'lame' foot.","Geoffrey Chaucer, William Shakespeare, John Milton, Christopher Marlowe, Robert Frost, Alexander Pushkin"
Foot,Trochee,A two-syllable foot with a stressed syllable followed by an unstressed one (s w or – u). Creates a 'falling' rhythm.,"Often described as 'falling' feet. Used in advertising rhymes for rhythmic, repetitive qualities. Foundational rhythmic unit in Germanic verse traditions (Old English, Norse).","Identified as one of the simple feet acceptable in Russian by Alexander Vostokov. Statistical analysis shows trochaic verse permits fewer substitutions than iambic verse, maintaining stricter regularity.","William Shakespeare, William Blake, W.B. Yeats, Lomonosov (who regarded it as capable of depicting speed), Henry Wadsworth Longfellow"
Foot,Anapest,A three-syllable foot with stress on the third syllable (w w s or u u –). Creates a rising rhythm with two unstressed lead-in syllables.,"Produces effects of lightness, speed, and galloping motion. Often perceived as 'tragic' or 'sobbing' in Russian prosodic tradition.","In Pasternak's The Year 1905, 74% of lines show zero syntactic pause after the second word. Computational analysis associates anapest with 'suspense' and forward momentum.","Lord Byron (Don Juan), Algernon Swinburne, Percy Shelley (The Cloud), Boris Pasternak (The Year 1905), Edward Lear (limericks)"
Foot,Dactyl,A three-syllable foot with stress on the first syllable (s w w or – u u). Creates a falling rhythm.,"Described as the rhythm of a hammer strike in a forge. Can produce elegiac, mournful, or world-weary tones. Natural ternary meter for Russian due to average 3-syllable word length.","In quantitative prosody, the dactyl equals four morae (2:1:1 ratio). In accentual-syllabic systems, it is treated as equal stress units (1:1:1). Frequently appears in Russian folk poetry with dactylic cadences.","Nikolay Nekrasov (The Railway, Who Can Be Happy in Russia?), Thomas Hood (The Bridge of Sighs), Henry Wadsworth Longfellow (Evangeline), Russian bylina tradition"
Foot,Amphibrach,A three-syllable foot with stress on the middle syllable (w s w or u – u). Creates a rising-falling contour.,"Often used for 'whispering' or quiet narrations. Strong association with motifs of sleep, dreaming, and nocturnal atmosphere.","Rose to high popularity by the 1840s in Russia. Statistical analysis of amphibrachic verse shows word divisions decrease at stressed positions (2, 5, 8), creating rhythmic cohesion.","Alexander Pushkin (The Black Shawl, The Bridegroom), Petr Bezruč (Silesian Songs), Mikhail Lermontov, Russian ballad tradition"
Foot,Spondee,"A foot consisting of two stressed syllables (S S or – –). A heavy, emphatic unit.","Characterized as 'hard' or 'heavy'; creates a 'dry' or 'frozen' effect. Used for emphasis, dramatic slowing of tempo, or to counterpoint lighter feet.","In quantitative prosody, historically equal to four morae. In Russian 18th-century verse, it can mark caesura positions (caesura truncation). Often combined with pyrrhics to maintain stress count in English.","Ezra Pound (Cantos), W.B. Yeats (strong declamatory gestures), John Milton (suggesting effort or strain), Gerard Manley Hopkins (sprung rhythm)"
Foot,Pyrrhic,A foot consisting of two unstressed syllables (w w or u u). A 'light' or 'empty' foot.,Referred to as 'crowding of short syllables.' Highly compatible with the natural flow of Russian prosody and folk verse.,"Recognized as a legitimate variation in English to avoid metrical monotony, often combined with spondees to maintain overall stress count while creating rhythmic variety.",Old Russian folk songs; Alexander Pushkin (Eugene Onegin); English poets use it as metrical variation
Foot,Moraic Foot,A foot consisting of at least two morae (units of syllable weight/length). Governs minimal word size in quantity-sensitive languages.,Governs minimal word size in quantity-sensitive languages like Latin and secondary stress placement in English and Finnish.,Found in Tokyo Japanese where non-initial morae of heavy syllables cannot bear accent. Core to the prosody of Standard Chinese and Japanese haiku structure.,"Classical Latin and Greek poetry, Japanese haiku (5-7-5 morae), Standard Chinese prosody"
Foot,Choriamb,A four-syllable foot with the pattern stressed-unstressed-unstressed-stressed (/ – – / or S w w S). A 'double-trochee' or symmetrical unit.,"Described as 'curious prosodic fauna.' Provides an emphatic, distinct rhythmical feel with symmetrical weight at both ends.",Traditional unit in Greek and Latin quantitative verse; adapted into English accentual-syllabic verse as a substitution or special effect.,"W.H. Auden (pseudo-classical meters), W.B. Yeats (emphatic weight in later poems), Greek lyric poetry (Sappho, Alcaeus)"
Form,Sonnet,"A 14-line poem, typically in iambic pentameter with specific rhyme schemes. Italian (Petrarchan): octave (abbaabba) and sestet (various). English (Shakespearean): three quatrains and a couplet (abab cdcd efef gg). Spenserian: interlocked quatrains (abab bcbc cdcd ee).","Described as a 'dialectical form' (thesis, antithesis, synthesis). Associated with the 'highest qualification' of poetic skill. The volta (turn) between octave and sestet (Italian) or at the final couplet (English) creates structural drama.",Survives for over 700 years due to satisfying psychological proportions (8:6 or 12:2). Modern computational models (neural networks) generate them fluently but may lack emotional depth or thematic coherence.,"Petrarch (Canzoniere), William Shakespeare (154 sonnets), John Milton (On His Blindness), John Donne (Holy Sonnets), Joseph Brodsky (Russian and English sonnets)"
Form,Ballad,"A narrative or lyrical form, often in quatrains. Traditional 'Ballad Stanza' (Common Meter) alternates iambic tetrameter and trimeter (4-3-4-3); rhymes abab or xaxa.","Orally rooted, featuring repetition, refrains, and incremental variation. Associated with simple, rustic life or an idealized pastoral past.",Computational analysis of folk corpora shows 4-3-4-3 and 4-4-4-4 are the most frequent quatrain types. The form exhibits remarkable stability across European folk traditions.,"William Wordsworth (Lyrical Ballads), Samuel Taylor Coleridge (Rime of the Ancient Mariner), John Keats (La Belle Dame sans Merci), folk tradition (Child Ballads), modern rock adaptations"
Form,Limerick,"A five-line humorous verse with rhyme scheme aabba. Lines 1, 2, 5 are trimeter (typically anapestic); lines 3, 4 are dimeter. A ternary meter form.","Characterized by light, bawdy, or nonsensical subject matter. The first line traditionally introduces a character and toponym ('There once was a...').",Dating back to the 14th century (chorus form); modern limerick established in 19th century. Used as a benchmark for computational poetry generation systems due to strict structural constraints.,"Edward Lear (Book of Nonsense, canonical popularizer), Ronald Knox (satirical limericks), T.S. Eliot, Ogden Nash"
Form,Villanelle,"A 19-line poem with five tercets and a final quatrain. Built on two rhyme sounds and two refrain lines (A1 and A2) that repeat in a strict pattern: A1 b A2 / a b A1 / a b A2, etc., ending with both refrains together.","Characterized by obsession, cyclical regularity, and stasis. The refrains must semantically shift in context while remaining lexically identical, creating tension between recurrence and progression.","A French form (from villanella, 'country song') that became popular in 20th-century English poetry for balancing formal recurrence with forward motion. The form's mathematical precision (2 refrains × 5 appearances + 1 = 19 lines) appeals to formalist poets.","Dylan Thomas (Do Not Go Gentle into That Good Night), Elizabeth Bishop (One Art), Theodore Roethke, Sylvia Plath (Mad Girl's Love Song)"
Form,Pantoum,A 16-line poem of four quatrains. Lines 2 and 4 of each stanza become lines 1 and 3 of the next; the final stanza closes the loop using lines from the first stanza (lines 1 and 3 become 2 and 4).,"Characterized by recursive replication, circularity, and a hypnotic, meditative quality. Creates a Möbius-strip effect where the poem consumes itself.",Requires symbolic intermediate representation in LLMs to prevent structural 'hallucinations' or logical errors in the recursive pattern. The form tests memory and attention in both composition and reading.,"Malaysian origin (pantun), adapted into French by Victor Hugo, then English by Austin Dobson, John Ashbery, Carolyn Kizer"
Form,Terza Rima,"An interlocking three-line stanza rhyme scheme (aba bcb cdc ded...) continuing indefinitely, typically ending in a single line or couplet. The middle rhyme of each stanza becomes the outer rhyme of the next.",Creates a continuous sense of forward motion and connection; suitable for extended narration or unified philosophical descriptions. The interlocking rhymes suggest logical progression.,"Adheres to a locality constraint where rhyming pairs are never separated by more than one line, aiding oral memory and performance. The form's complexity (3 rhymes per stanza) requires extensive rhyme vocabulary.","Dante Alighieri (Divine Comedy), Percy Shelley (Ode to the West Wind), William Carlos Williams, Robert Frost, W.H. Auden"
Form,Onegin Stanza,"A specific 14-line stanza (AbAbCCddEffE gg) using iambic tetrameter. Combines three different quatrain types (cross, paired, enclosed) plus a closing couplet.",Regarded as the pinnacle of Russian stanzaic creativity; uniquely associated with the novel in verse genre. The rhyme scheme creates a miniature sonnet with maximum formal variety.,"B.V. Tomashevsky argued the stanza is completely original to Pushkin, though potential 'accidental' predecessors in French or German may exist. The form allows for digression, satire, and narrative within a single unit.","Alexander Pushkin (invented for Eugene Onegin, 1823-1831); Mikhail Lermontov, Vyacheslav Ivanov (imitations)"
Form,Octave (Ottava Rima),An 8-line stanza of Italian origin with rhyme scheme AbAbAbCC (alternating rhymes concluding with a couplet). Typically in iambic pentameter (English) or hendecasyllables (Italian).,Known for its 'Italian harmony' and pithy concluding couplet. Regarded as 'roomy' for conversational or symbolic texture. The final couplet provides closure or ironic reversal.,Introduced to Russia by Feofan Prokopovich in the 18th century; later revived by Pushkin. The form accommodates narrative digression while maintaining formal closure.,"Feofan Prokopovich (Russian introduction), Alexander Pushkin (The Little House in Kolomna), W.B. Yeats (Sailing to Byzantium, The Circus Animals' Desertion), Lord Byron (Don Juan)"
Form,English Ode,"A 10-line stanza form (ABABCDECDE in the Pindaric tradition). Irregular odes (Wordsworth, Keats) vary stanza length while maintaining high register.","Historically a public, ceremonial form requiring high structural complexity and sophisticated phraseology. Associated with celebration, commemoration, and elevated emotion.","Pindaric odes in ancient Greece bound society together through the conferring of glory ('kleos'). The tripartite structure (strophe, antistrophe, epode) reflects choral performance origins.","John Keats (Ode to a Nightingale, Ode on a Grecian Urn), William Wordsworth (Intimations Ode), Pindar, Thomas Gray, Allen Tate"
Form,Quatrain,"A stanza or poem of four lines. The most common building block of Western poetry. Common patterns include abab (alternating), abba (enclosed), aabb (coupled), or aaaa (monorhyme).",Statistically the most prevalent stanzaic unit across multiple languages. Provides structural stability while allowing thematic development. The 4-line unit matches human working memory capacity.,Russian 4-line stanzas in iambic tetrameter show regular 'work' patterns where feminine lines have higher energy than masculine lines. Cross-cultural studies confirm the quatrain's ubiquity in oral and written traditions.,"Emily Dickinson (nearly all poems), William Blake (Songs of Innocence and Experience), Alexander Pushkin (Eugene Onegin chapters), Thomas Gray (Elegy), Omar Khayyam (Rubaiyat)"
Form,Couplet,"Two successive lines of verse, usually rhyming and having the same meter. The heroic couplet (iambic pentameter) is the English standard.","Often serves as a summary, epigrammatic sting, or formal closure at the end of a stanza or poem. The closed couplet (end-stopped) provides maximum finality.","In French classical drama (Alexandrine couplet), masculine and feminine rhymes alternate regularly. The English heroic couplet reached perfection in the Restoration period.","Alexander Pope (The Rape of the Lock, Essay on Criticism), John Dryden, Geoffrey Chaucer (rhyme royal), William Shakespeare (concluding couplets in sonnets)"
Form,Madrigal,"A verse form typically 13 lines in 3 stanzas (3, 4, 6 lines). Requires strict word/phrase repetition in designated lines, creating a complex weave of returns.","A complex, repetitious form emphasizing verbal identity and formal precision over spontaneous expression. Associated with musical settings and amatory themes.",Early development related to Middle English songs and Italian madrigal traditions; noted as part of musical experiments in the late Victorian period. The form tests the poet's skill in variation within repetition.,"Renaissance poets (Petrarch, Tasso), Romantic poets (Byron, Shelley), often utilized for thematic word assembly involving 'heart' or 'memory'"

